epoch,strategy,arm,current reward,cumulative reward,optimal
1,Epsilon Greedy,0,51.380901182116105,51.380901182116105,False
2,Epsilon Greedy,0,55.49250429330441,106.87340547542051,False
3,Epsilon Greedy,5,62.17393578487777,169.04734126029828,False
4,Epsilon Greedy,4,0.7111532726127863,169.75849453291107,False
5,Epsilon Greedy,1,10.922960743445888,180.68145527635696,False
6,Epsilon Greedy,5,64.23110584437033,244.91256112072728,False
7,Epsilon Greedy,1,11.093697231851609,256.00625835257887,False
8,Epsilon Greedy,0,53.404819027313955,309.41107737989284,False
9,Epsilon Greedy,5,63.775142481280994,373.18621986117387,False
10,Epsilon Greedy,5,62.198878322329605,435.3850981835035,False
11,Epsilon Greedy,4,0.6845321601759969,436.0696303436795,False
12,Epsilon Greedy,7,93.37230392728229,529.4419342709617,False
13,Epsilon Greedy,6,147.247902707664,676.6898369786257,False
14,Epsilon Greedy,5,63.66624436237505,740.3560813410008,False
15,Epsilon Greedy,8,134.77675468848366,875.1328360294845,False
16,Epsilon Greedy,2,180.671553496585,1055.8043895260694,True
17,Epsilon Greedy,4,1.3365044658721394,1057.1408939919415,False
18,Epsilon Greedy,0,53.74385506599981,1110.8847490579415,False
19,Epsilon Greedy,2,178.3729462840047,1289.2576953419461,True
20,Epsilon Greedy,0,53.79258737597667,1343.0502827179228,False
21,Epsilon Greedy,4,1.9562979186481009,1345.0065806365708,False
22,Epsilon Greedy,5,65.08245483866423,1410.089035475235,False
23,Epsilon Greedy,9,100.06221430199685,1510.151249777232,False
24,Epsilon Greedy,1,12.043749350627074,1522.1949991278589,False
25,Epsilon Greedy,8,133.45307764069898,1655.6480767685578,False
26,Epsilon Greedy,2,180.63178913145433,1836.279865900012,True
27,Epsilon Greedy,3,163.21117401140197,1999.491039911414,False
28,Epsilon Greedy,2,179.6538879299375,2179.1449278413515,True
29,Epsilon Greedy,2,178.68730229517743,2357.832230136529,True
30,Epsilon Greedy,2,178.44925779145794,2536.2814879279867,True
31,Epsilon Greedy,4,2.2676968660236145,2538.54918479401,False
32,Epsilon Greedy,2,178.4994951532577,2717.048679947268,True
33,Epsilon Greedy,7,92.47307783282868,2809.5217577800963,False
34,Epsilon Greedy,2,179.22894215403238,2988.7506999341285,True
35,Epsilon Greedy,2,179.83804830220726,3168.588748236336,True
36,Epsilon Greedy,7,90.77920115307863,3259.3679493894147,False
37,Epsilon Greedy,3,164.29619673513787,3423.6641461245526,False
38,Epsilon Greedy,4,2.7086831479067204,3426.3728292724595,False
39,Epsilon Greedy,3,166.11313960574174,3592.485968878201,False
40,Epsilon Greedy,3,163.72305204332457,3756.2090209215257,False
41,Epsilon Greedy,2,179.61584886605576,3935.8248697875815,True
42,Epsilon Greedy,2,179.31901170938553,4115.143881496967,True
43,Epsilon Greedy,0,54.57800074256476,4169.721882239532,False
44,Epsilon Greedy,2,180.14391119488585,4349.865793434417,True
45,Epsilon Greedy,2,180.8473875949692,4530.713181029387,True
46,Epsilon Greedy,2,179.20076325880888,4709.913944288196,True
47,Epsilon Greedy,1,10.322082292504392,4720.2360265807,False
48,Epsilon Greedy,2,180.0409856671355,4900.277012247836,True
49,Epsilon Greedy,6,143.47092428789438,5043.74793653573,False
50,Epsilon Greedy,7,93.04495364368498,5136.792890179416,False
51,Epsilon Greedy,1,12.364086355603918,5149.15697653502,False
52,Epsilon Greedy,7,92.61439890372299,5241.771375438742,False
53,Epsilon Greedy,8,134.98706549947082,5376.758440938213,False
54,Epsilon Greedy,3,165.62631401679369,5542.384754955007,False
55,Epsilon Greedy,2,178.92657736302775,5721.311332318035,True
56,Epsilon Greedy,7,92.20406057398537,5813.515392892021,False
57,Epsilon Greedy,5,64.8093674373289,5878.324760329349,False
58,Epsilon Greedy,8,134.38861851684285,6012.713378846192,False
59,Epsilon Greedy,2,179.471004391713,6192.184383237905,True
60,Epsilon Greedy,6,146.49347888368158,6338.677862121587,False
61,Epsilon Greedy,2,180.08545963191276,6518.7633217535,True
62,Epsilon Greedy,5,64.0141617927881,6582.777483546289,False
63,Epsilon Greedy,2,180.15131133194154,6762.92879487823,True
64,Epsilon Greedy,2,179.6812461044148,6942.610040982645,True
65,Epsilon Greedy,2,179.6913043427592,7122.301345325404,True
66,Epsilon Greedy,7,92.57505872888561,7214.87640405429,False
67,Epsilon Greedy,9,100.5718840563283,7315.448288110619,False
68,Epsilon Greedy,2,180.45278776961982,7495.901075880239,True
69,Epsilon Greedy,4,1.3786092204897906,7497.279685100729,False
70,Epsilon Greedy,1,11.643300350583969,7508.922985451312,False
71,Epsilon Greedy,2,179.7351713835501,7688.658156834863,True
72,Epsilon Greedy,9,102.37401496039834,7791.032171795261,False
73,Epsilon Greedy,4,1.1895245282546527,7792.221696323516,False
74,Epsilon Greedy,3,162.62258253221904,7954.844278855735,False
75,Epsilon Greedy,4,1.1794182726875393,7956.023697128422,False
76,Epsilon Greedy,3,165.56804241128864,8121.591739539711,False
77,Epsilon Greedy,9,101.25874290775418,8222.850482447466,False
78,Epsilon Greedy,2,179.5163452872134,8402.366827734679,True
79,Epsilon Greedy,5,62.635201474527776,8465.002029209207,False
80,Epsilon Greedy,2,179.53720512194934,8644.539234331156,True
81,Epsilon Greedy,2,178.32172323256347,8822.86095756372,True
82,Epsilon Greedy,0,53.20727845818915,8876.068236021909,False
83,Epsilon Greedy,9,101.87529912533171,8977.94353514724,False
84,Epsilon Greedy,9,102.84605700202238,9080.789592149262,False
85,Epsilon Greedy,9,101.20241712679305,9181.992009276055,False
86,Epsilon Greedy,7,91.53984340191748,9273.531852677972,False
87,Epsilon Greedy,9,100.74855288588212,9374.280405563853,False
88,Epsilon Greedy,2,179.77776135448596,9554.05816691834,True
89,Epsilon Greedy,2,179.3649672351102,9733.423134153449,True
90,Epsilon Greedy,2,178.58221296057513,9912.005347114024,True
91,Epsilon Greedy,2,176.9276267422644,10088.932973856288,True
92,Epsilon Greedy,4,0.8796828476651597,10089.812656703953,False
93,Epsilon Greedy,2,179.4665908673661,10269.27924757132,True
94,Epsilon Greedy,6,146.98429885971956,10416.263546431039,False
95,Epsilon Greedy,8,134.82785528892123,10551.09140171996,False
96,Epsilon Greedy,2,179.93517386992033,10731.02657558988,True
97,Epsilon Greedy,8,133.39735918747843,10864.423934777358,False
98,Epsilon Greedy,4,2.695072001097781,10867.119006778456,False
99,Epsilon Greedy,4,2.0524376290038946,10869.171444407459,False
100,Epsilon Greedy,2,178.68949834920105,11047.860942756659,True
101,Epsilon Greedy,2,178.85243499036304,11226.713377747023,True
102,Epsilon Greedy,7,93.0758188308412,11319.789196577864,False
103,Epsilon Greedy,8,134.39047156172992,11454.179668139594,False
104,Epsilon Greedy,3,165.56510681756362,11619.744774957157,False
105,Epsilon Greedy,6,148.04920965581832,11767.793984612976,False
106,Epsilon Greedy,2,178.8232748680074,11946.617259480983,True
107,Epsilon Greedy,2,180.1442925827458,12126.761552063728,True
108,Epsilon Greedy,9,100.8345185945923,12227.596070658321,False
109,Epsilon Greedy,9,100.62047923291024,12328.21654989123,False
110,Epsilon Greedy,3,166.07284884301842,12494.289398734249,False
111,Epsilon Greedy,2,178.3099280737918,12672.59932680804,True
112,Epsilon Greedy,6,144.66675716665745,12817.266083974697,False
113,Epsilon Greedy,2,179.3300181721753,12996.596102146872,True
114,Epsilon Greedy,2,180.1134581340902,13176.709560280962,True
115,Epsilon Greedy,9,103.70237964411716,13280.41193992508,False
116,Epsilon Greedy,2,177.88308464925154,13458.29502457433,True
117,Epsilon Greedy,3,163.50212936691224,13621.797153941243,False
118,Epsilon Greedy,2,179.32536024264414,13801.122514183888,True
119,Epsilon Greedy,2,179.43285706044193,13980.555371244329,True
120,Epsilon Greedy,5,63.20851028500629,14043.763881529336,False
121,Epsilon Greedy,2,178.4827461472213,14222.246627676557,True
122,Epsilon Greedy,2,179.95132945452056,14402.197957131079,True
123,Epsilon Greedy,8,134.1039896468485,14536.301946777927,False
124,Epsilon Greedy,8,135.59425917901413,14671.89620595694,False
125,Epsilon Greedy,2,181.62234606372124,14853.518552020661,True
126,Epsilon Greedy,6,146.59142146494594,15000.109973485607,False
127,Epsilon Greedy,1,11.150658289475414,15011.260631775083,False
128,Epsilon Greedy,7,92.30713732619334,15103.567769101277,False
129,Epsilon Greedy,2,179.48649646076194,15283.05426556204,True
130,Epsilon Greedy,2,178.53095877733062,15461.58522433937,True
131,Epsilon Greedy,8,135.37249849171135,15596.95772283108,False
132,Epsilon Greedy,9,102.55682123746632,15699.514544068546,False
133,Epsilon Greedy,2,179.61648823142266,15879.131032299969,True
134,Epsilon Greedy,2,178.1696441673938,16057.300676467363,True
135,Epsilon Greedy,5,63.32952783108722,16120.63020429845,False
136,Epsilon Greedy,7,91.35397633765884,16211.98418063611,False
137,Epsilon Greedy,7,93.7329637954399,16305.71714443155,False
138,Epsilon Greedy,4,1.0745723153904136,16306.79171674694,False
139,Epsilon Greedy,2,180.3145683050338,16487.106285051974,True
140,Epsilon Greedy,8,134.6940792773428,16621.800364329316,False
141,Epsilon Greedy,2,179.46328874842132,16801.263653077738,True
142,Epsilon Greedy,0,52.035665433948324,16853.299318511687,False
143,Epsilon Greedy,4,0.8903409535073713,16854.189659465195,False
144,Epsilon Greedy,6,146.07648621364976,17000.266145678845,False
145,Epsilon Greedy,2,179.8314891549592,17180.097634833804,True
146,Epsilon Greedy,6,146.55479926075316,17326.652434094558,False
147,Epsilon Greedy,9,101.12354775496695,17427.775981849525,False
148,Epsilon Greedy,7,93.55397564178439,17521.32995749131,False
149,Epsilon Greedy,8,133.82647936949715,17655.15643686081,False
150,Epsilon Greedy,2,179.28516723562413,17834.44160409643,True
151,Epsilon Greedy,3,164.50869419338719,17998.95029828982,False
152,Epsilon Greedy,2,178.75164872133928,18177.70194701116,True
153,Epsilon Greedy,2,179.5964921510193,18357.29843916218,True
154,Epsilon Greedy,2,178.75192802497486,18536.050367187156,True
155,Epsilon Greedy,2,178.9961840890454,18715.046551276202,True
156,Epsilon Greedy,8,133.1969773219474,18848.24352859815,False
157,Epsilon Greedy,7,94.29402444075785,18942.537553038906,False
158,Epsilon Greedy,6,147.37554936676017,19089.913102405666,False
159,Epsilon Greedy,9,100.38753834601276,19190.30064075168,False
160,Epsilon Greedy,7,91.98588898555197,19282.286529737234,False
161,Epsilon Greedy,2,179.27935396476414,19461.565883702,True
162,Epsilon Greedy,4,1.578909479809421,19463.144793181807,False
163,Epsilon Greedy,6,146.82568786486382,19609.970481046672,False
164,Epsilon Greedy,8,133.18437254397165,19743.154853590644,False
165,Epsilon Greedy,4,0.7874974186930518,19743.942351009337,False
166,Epsilon Greedy,1,12.11039755738849,19756.052748566726,False
167,Epsilon Greedy,2,178.5361745313236,19934.58892309805,True
168,Epsilon Greedy,0,54.02986497428708,19988.618788072337,False
169,Epsilon Greedy,3,162.90879875108195,20151.52758682342,False
170,Epsilon Greedy,7,92.94026574840231,20244.467852571823,False
171,Epsilon Greedy,5,63.63528929674296,20308.103141868567,False
172,Epsilon Greedy,2,180.3552587881894,20488.458400656757,True
173,Epsilon Greedy,9,100.85234682978383,20589.31074748654,False
174,Epsilon Greedy,2,179.21537303840657,20768.526120524944,True
175,Epsilon Greedy,9,101.03177983345111,20869.557900358395,False
176,Epsilon Greedy,2,180.47734660992927,21050.035246968324,True
177,Epsilon Greedy,2,180.15263789479712,21230.18788486312,True
178,Epsilon Greedy,2,180.92214063092428,21411.110025494043,True
179,Epsilon Greedy,8,134.4730472586001,21545.583072752645,False
180,Epsilon Greedy,2,178.5303330832672,21724.113405835913,True
181,Epsilon Greedy,2,180.41445325436672,21904.527859090278,True
182,Epsilon Greedy,2,179.52712123281103,22084.05498032309,True
183,Epsilon Greedy,2,178.1861916833794,22262.24117200647,True
184,Epsilon Greedy,1,11.416210642507782,22273.657382648977,False
185,Epsilon Greedy,2,179.40577688289846,22453.063159531874,True
186,Epsilon Greedy,2,180.7032937681946,22633.766453300068,True
187,Epsilon Greedy,7,93.87733598251621,22727.643789282585,False
188,Epsilon Greedy,3,164.5374190415923,22892.18120832418,False
189,Epsilon Greedy,2,178.8185144074968,23070.999722731674,True
190,Epsilon Greedy,2,180.82870438148166,23251.828427113156,True
191,Epsilon Greedy,2,179.98756991043862,23431.815997023594,True
192,Epsilon Greedy,3,165.61692894382082,23597.432925967416,False
193,Epsilon Greedy,2,178.97034845208546,23776.403274419503,True
194,Epsilon Greedy,2,179.16432209377552,23955.56759651328,True
195,Epsilon Greedy,0,53.6223559917384,24009.189952505018,False
196,Epsilon Greedy,2,180.49479458935528,24189.684747094372,True
197,Epsilon Greedy,2,177.87335824891002,24367.558105343283,True
198,Epsilon Greedy,2,179.67987362704454,24547.237978970326,True
199,Epsilon Greedy,5,63.872182221928306,24611.110161192253,False
200,Epsilon Greedy,2,178.54980920025275,24789.659970392506,True
201,Epsilon Greedy,5,64.21917308267058,24853.879143475177,False
202,Epsilon Greedy,2,181.37224923573746,25035.251392710914,True
203,Epsilon Greedy,2,179.6892492462005,25214.940641957113,True
204,Epsilon Greedy,2,180.08385856385908,25395.024500520973,True
205,Epsilon Greedy,3,163.89568681610433,25558.920187337077,False
206,Epsilon Greedy,8,134.14473824842528,25693.064925585502,False
207,Epsilon Greedy,2,178.8039332942279,25871.86885887973,True
208,Epsilon Greedy,2,179.19203823936292,26051.060897119092,True
209,Epsilon Greedy,5,61.47987262651473,26112.540769745607,False
210,Epsilon Greedy,1,10.58309337024506,26123.123863115852,False
211,Epsilon Greedy,2,180.05092548049183,26303.174788596345,True
212,Epsilon Greedy,2,180.8087355198454,26483.98352411619,True
213,Epsilon Greedy,9,102.46832000982985,26586.45184412602,False
214,Epsilon Greedy,5,63.94538641569491,26650.397230541716,False
215,Epsilon Greedy,2,179.37345843743398,26829.770688979148,True
216,Epsilon Greedy,8,134.0595938460839,26963.83028282523,False
217,Epsilon Greedy,2,179.2570295033199,27143.08731232855,True
218,Epsilon Greedy,2,178.5589256134666,27321.646237942015,True
219,Epsilon Greedy,2,179.8690038005707,27501.515241742585,True
220,Epsilon Greedy,2,179.43339126693238,27680.948633009517,True
221,Epsilon Greedy,7,92.92847593060308,27773.87710894012,False
222,Epsilon Greedy,6,146.14532187661595,27920.022430816734,False
223,Epsilon Greedy,7,93.48130761237992,28013.503738429114,False
224,Epsilon Greedy,2,179.03201806178535,28192.5357564909,True
225,Epsilon Greedy,9,102.683367678282,28295.21912416918,False
226,Epsilon Greedy,0,55.12851164476078,28350.34763581394,False
227,Epsilon Greedy,6,145.69480927201292,28496.042445085954,False
228,Epsilon Greedy,5,63.83314255830887,28559.875587644263,False
229,Epsilon Greedy,8,134.25529045337942,28694.130878097643,False
230,Epsilon Greedy,8,133.63190227613413,28827.762780373778,False
231,Epsilon Greedy,6,147.43086758451733,28975.193647958295,False
232,Epsilon Greedy,1,12.893427517264094,28988.08707547556,False
233,Epsilon Greedy,2,177.89045879027555,29165.977534265836,True
234,Epsilon Greedy,2,176.47542861419691,29342.452962880034,True
235,Epsilon Greedy,6,145.80547302996996,29488.258435910004,False
236,Epsilon Greedy,5,64.04767652277437,29552.30611243278,False
237,Epsilon Greedy,2,178.25098529029705,29730.55709772308,True
238,Epsilon Greedy,2,177.56127564006505,29908.118373363144,True
239,Epsilon Greedy,6,147.60932401982467,30055.72769738297,False
240,Epsilon Greedy,2,180.34481628575378,30236.07251366872,True
241,Epsilon Greedy,2,179.10297505883216,30415.175488727553,True
242,Epsilon Greedy,2,180.76601711929564,30595.941505846848,True
243,Epsilon Greedy,2,178.24738946483077,30774.18889531168,True
244,Epsilon Greedy,2,180.19666117385265,30954.385556485533,True
245,Epsilon Greedy,7,91.10530961392233,31045.490866099455,False
246,Epsilon Greedy,2,179.48897011199853,31224.979836211452,True
247,Epsilon Greedy,4,1.298012716178767,31226.27784892763,False
248,Epsilon Greedy,7,91.2455575702404,31317.523406497872,False
249,Epsilon Greedy,6,146.16110313250888,31463.68450963038,False
250,Epsilon Greedy,0,54.06330733104283,31517.747816961422,False
251,Epsilon Greedy,6,145.34090630624672,31663.08872326767,False
252,Epsilon Greedy,1,11.329529935027029,31674.418253202697,False
253,Epsilon Greedy,3,164.13441411805712,31838.552667320753,False
254,Epsilon Greedy,2,179.03405973980514,32017.58672706056,True
255,Epsilon Greedy,4,1.4992376992851846,32019.085964759845,False
256,Epsilon Greedy,3,163.32989909766158,32182.415863857506,False
257,Epsilon Greedy,1,11.40947209011946,32193.825335947626,False
258,Epsilon Greedy,2,179.3051593390544,32373.13049528668,True
259,Epsilon Greedy,2,179.86268366045203,32552.993178947134,True
260,Epsilon Greedy,1,11.887706720435702,32564.880885667568,False
261,Epsilon Greedy,0,55.56505319672154,32620.44593886429,False
262,Epsilon Greedy,4,1.9212970611601101,32622.36723592545,False
263,Epsilon Greedy,9,102.61930768629755,32724.986543611747,False
264,Epsilon Greedy,2,179.24155607145687,32904.228099683205,True
265,Epsilon Greedy,8,134.51322905419988,33038.74132873741,False
266,Epsilon Greedy,9,103.50237159626965,33142.243700333674,False
267,Epsilon Greedy,8,134.61458204419648,33276.85828237787,False
268,Epsilon Greedy,2,179.54110987809003,33456.39939225596,True
269,Epsilon Greedy,9,101.1041127234357,33557.503504979395,False
270,Epsilon Greedy,4,2.01760424059003,33559.52110921998,False
271,Epsilon Greedy,7,92.13884336868877,33651.65995258867,False
272,Epsilon Greedy,6,146.67932520450955,33798.33927779318,False
273,Epsilon Greedy,0,55.46607275240018,33853.80535054558,False
274,Epsilon Greedy,9,103.20465547655219,33957.01000602214,False
275,Epsilon Greedy,2,179.86639048022437,34136.87639650236,True
276,Epsilon Greedy,0,55.7301768134417,34192.6065733158,False
277,Epsilon Greedy,2,178.91269243376465,34371.519265749565,True
278,Epsilon Greedy,8,134.00711792358788,34505.526383673154,False
279,Epsilon Greedy,2,179.94967182326246,34685.476055496416,True
280,Epsilon Greedy,9,102.52236273946924,34787.99841823588,False
281,Epsilon Greedy,0,54.6393340265873,34842.63775226247,False
282,Epsilon Greedy,7,90.7473612463403,34933.38511350881,False
283,Epsilon Greedy,2,179.85273955248186,35113.23785306129,True
284,Epsilon Greedy,0,54.543422182213064,35167.781275243506,False
285,Epsilon Greedy,2,179.36327825705382,35347.14455350056,True
286,Epsilon Greedy,5,63.72525098916601,35410.86980448973,False
287,Epsilon Greedy,8,133.86440502283432,35544.734209512564,False
288,Epsilon Greedy,5,64.02657827477762,35608.760787787345,False
289,Epsilon Greedy,1,10.867834446973259,35619.62862223432,False
290,Epsilon Greedy,1,10.75507073910479,35630.383692973424,False
291,Epsilon Greedy,2,178.70970303186635,35809.09339600529,True
292,Epsilon Greedy,0,54.02749124008538,35863.12088724538,False
293,Epsilon Greedy,6,145.91111788304372,36009.03200512842,False
294,Epsilon Greedy,2,179.34485224152206,36188.37685736994,True
295,Epsilon Greedy,2,178.4752621865233,36366.85211955647,True
296,Epsilon Greedy,2,178.25066451866422,36545.102784075134,True
297,Epsilon Greedy,2,179.20056584287258,36724.30334991801,True
298,Epsilon Greedy,5,64.49994071344693,36788.803290631455,False
299,Epsilon Greedy,7,94.70227981444266,36883.5055704459,False
300,Epsilon Greedy,8,134.97489639914204,37018.480466845045,False
301,Epsilon Greedy,7,91.7269674248113,37110.207434269854,False
302,Epsilon Greedy,4,3.7112853057618946,37113.91871957562,False
303,Epsilon Greedy,4,3.1540538415864505,37117.0727734172,False
304,Epsilon Greedy,7,91.87928593337202,37208.95205935057,False
305,Epsilon Greedy,9,102.99852360872397,37311.950582959296,False
306,Epsilon Greedy,3,165.14967374563744,37477.100256704936,False
307,Epsilon Greedy,2,178.52228632585778,37655.6225430308,True
308,Epsilon Greedy,9,102.74512937866032,37758.367672409455,False
309,Epsilon Greedy,2,180.0111425873242,37938.37881499678,True
310,Epsilon Greedy,2,179.6880505035303,38118.06686550031,True
311,Epsilon Greedy,2,179.3388026002731,38297.40566810058,True
312,Epsilon Greedy,5,63.831612736028184,38361.23728083661,False
313,Epsilon Greedy,1,11.28390379281754,38372.52118462943,False
314,Epsilon Greedy,6,147.21818451710985,38519.73936914654,False
315,Epsilon Greedy,3,164.3941425478125,38684.13351169435,False
316,Epsilon Greedy,0,53.66550507969255,38737.79901677404,False
317,Epsilon Greedy,8,135.8226643405186,38873.621681114564,False
318,Epsilon Greedy,7,93.10969738081029,38966.73137849537,False
319,Epsilon Greedy,2,178.94557398538262,39145.67695248075,True
320,Epsilon Greedy,7,91.34142683935364,39237.01837932011,False
321,Epsilon Greedy,4,0.8945606575322791,39237.912939977636,False
322,Epsilon Greedy,9,101.74791120430334,39339.660851181936,False
323,Epsilon Greedy,2,180.457683998151,39520.11853518009,True
324,Epsilon Greedy,8,135.21415653496737,39655.332691715055,False
325,Epsilon Greedy,5,63.788554432946036,39719.121246148,False
326,Epsilon Greedy,8,135.3002627869967,39854.421508935,False
327,Epsilon Greedy,1,13.906581603574411,39868.32809053857,False
328,Epsilon Greedy,1,10.675123611567585,39879.003214150136,False
329,Epsilon Greedy,2,179.78843251928484,40058.79164666942,True
330,Epsilon Greedy,2,179.12364197018434,40237.915288639604,True
331,Epsilon Greedy,8,132.78453276650185,40370.69982140611,False
332,Epsilon Greedy,7,93.59503370244757,40464.29485510856,False
333,Epsilon Greedy,3,165.5177088942873,40629.812564002845,False
334,Epsilon Greedy,2,180.23334016508844,40810.045904167935,True
335,Epsilon Greedy,2,177.81783831017918,40987.86374247811,True
336,Epsilon Greedy,0,53.70833342489414,41041.57207590301,False
337,Epsilon Greedy,2,180.06856262847003,41221.64063853148,True
338,Epsilon Greedy,0,52.665228745853966,41274.30586727733,False
339,Epsilon Greedy,2,180.15683171468254,41454.462698992014,True
340,Epsilon Greedy,8,133.64539971912734,41588.10809871114,False
341,Epsilon Greedy,6,146.94485757129527,41735.05295628244,False
342,Epsilon Greedy,2,179.54881494904305,41914.60177123148,True
343,Epsilon Greedy,2,180.89821015307865,42095.49998138456,True
344,Epsilon Greedy,2,179.82300684789413,42275.32298823245,True
345,Epsilon Greedy,5,62.34768650955558,42337.67067474201,False
346,Epsilon Greedy,0,53.10806657335913,42390.77874131537,False
347,Epsilon Greedy,9,101.88958905665079,42492.66833037202,False
348,Epsilon Greedy,0,54.01050773741888,42546.67883810944,False
349,Epsilon Greedy,8,134.0776889909174,42680.756527100355,False
350,Epsilon Greedy,4,1.6773993844924784,42682.433926484846,False
351,Epsilon Greedy,8,133.70184861491373,42816.13577509976,False
352,Epsilon Greedy,6,148.4922350162603,42964.62801011602,False
353,Epsilon Greedy,7,92.62243886633193,43057.250448982355,False
354,Epsilon Greedy,5,63.44116649371714,43120.69161547607,False
355,Epsilon Greedy,5,62.898971201196574,43183.59058667727,False
356,Epsilon Greedy,7,92.05379346108514,43275.64438013835,False
357,Epsilon Greedy,6,145.4800604062882,43421.12444054464,False
358,Epsilon Greedy,5,62.58039640713301,43483.70483695177,False
359,Epsilon Greedy,2,178.51372722252577,43662.2185641743,True
360,Epsilon Greedy,1,10.522399745117415,43672.740963919416,False
361,Epsilon Greedy,2,179.3608095335224,43852.10177345294,True
362,Epsilon Greedy,9,104.46537027033379,43956.567143723274,False
363,Epsilon Greedy,6,144.7709752866951,44101.33811900997,False
364,Epsilon Greedy,9,102.71929687527367,44204.05741588524,False
365,Epsilon Greedy,3,165.12646867117235,44369.18388455641,False
366,Epsilon Greedy,6,145.3002551554222,44514.484139711836,False
367,Epsilon Greedy,8,133.47053011173267,44647.95466982357,False
368,Epsilon Greedy,1,14.66118609012033,44662.61585591369,False
369,Epsilon Greedy,3,163.87926600705418,44826.49512192074,False
370,Epsilon Greedy,2,178.20068108829284,45004.69580300904,True
371,Epsilon Greedy,2,180.09578135281737,45184.791584361854,True
372,Epsilon Greedy,2,181.63338585333463,45366.42497021519,True
373,Epsilon Greedy,7,93.03789410812311,45459.46286432331,False
374,Epsilon Greedy,2,178.24275803638855,45637.705622359696,True
375,Epsilon Greedy,2,179.33042029613387,45817.03604265583,True
376,Epsilon Greedy,2,178.673629360873,45995.7096720167,True
377,Epsilon Greedy,2,178.81523906478222,46174.524911081484,True
378,Epsilon Greedy,2,179.7068671944405,46354.23177827593,True
379,Epsilon Greedy,9,103.17452921806397,46457.40630749399,False
380,Epsilon Greedy,0,55.33852941476676,46512.74483690876,False
381,Epsilon Greedy,2,181.24865547611873,46693.99349238488,True
382,Epsilon Greedy,8,133.9423182834373,46827.935810668314,False
383,Epsilon Greedy,0,54.46804786630359,46882.40385853462,False
384,Epsilon Greedy,2,178.89028630271298,47061.29414483733,True
385,Epsilon Greedy,1,12.119246745501764,47073.413391582835,False
386,Epsilon Greedy,3,165.4232290803713,47238.836620663205,False
387,Epsilon Greedy,2,180.99289454487186,47419.829515208075,True
388,Epsilon Greedy,9,100.99030858211032,47520.81982379019,False
389,Epsilon Greedy,2,177.21892171519184,47698.03874550538,True
390,Epsilon Greedy,2,180.08167571664904,47878.120421222025,True
391,Epsilon Greedy,1,12.016293464414254,47890.13671468644,False
392,Epsilon Greedy,2,179.23275840340295,48069.36947308985,True
393,Epsilon Greedy,5,63.45554844401164,48132.82502153386,False
394,Epsilon Greedy,2,179.66655407424062,48312.4915756081,True
395,Epsilon Greedy,8,134.79131444699814,48447.2828900551,False
396,Epsilon Greedy,8,134.131420888548,48581.41431094365,False
397,Epsilon Greedy,4,0.8904125117997012,48582.30472345545,False
398,Epsilon Greedy,2,179.8868033448228,48762.19152680027,True
399,Epsilon Greedy,2,179.25695249063017,48941.4484792909,True
400,Epsilon Greedy,9,104.18599976647525,49045.63447905737,False
401,Epsilon Greedy,7,92.67862163345526,49138.31310069083,False
402,Epsilon Greedy,1,10.734909128875092,49149.04800981971,False
403,Epsilon Greedy,5,63.75257601049614,49212.800585830206,False
404,Epsilon Greedy,2,179.9959131366268,49392.79649896683,True
405,Epsilon Greedy,0,54.54931092683453,49447.34580989367,False
406,Epsilon Greedy,5,61.84542530418746,49509.19123519785,False
407,Epsilon Greedy,4,1.138791945647051,49510.3300271435,False
408,Epsilon Greedy,0,53.880069761212184,49564.21009690471,False
409,Epsilon Greedy,2,180.24688592134962,49744.45698282606,True
410,Epsilon Greedy,2,178.2062282366199,49922.663211062674,True
411,Epsilon Greedy,0,52.91303089668802,49975.57624195936,False
412,Epsilon Greedy,0,53.66362209077348,50029.239864050134,False
413,Epsilon Greedy,2,179.74544739719786,50208.98531144733,True
414,Epsilon Greedy,2,179.72394832346365,50388.709259770796,True
415,Epsilon Greedy,2,179.06503831152747,50567.774298082324,True
416,Epsilon Greedy,4,-0.4784325811342103,50567.29586550119,False
417,Epsilon Greedy,2,180.23040872287223,50747.52627422406,True
418,Epsilon Greedy,1,11.972637325681495,50759.49891154974,False
419,Epsilon Greedy,2,179.3354422473264,50938.834353797065,True
420,Epsilon Greedy,2,178.71839260216802,51117.55274639923,True
421,Epsilon Greedy,0,53.32955469986627,51170.8823010991,False
422,Epsilon Greedy,2,178.99477662614152,51349.877077725236,True
423,Epsilon Greedy,2,179.21121457932708,51529.088292304565,True
424,Epsilon Greedy,8,134.48779449336521,51663.57608679793,False
425,Epsilon Greedy,7,91.44011595656207,51755.016202754494,False
426,Epsilon Greedy,2,179.06734138299126,51934.08354413749,True
427,Epsilon Greedy,0,53.6092982021009,51987.69284233959,False
428,Epsilon Greedy,0,54.40438229250413,52042.09722463209,False
429,Epsilon Greedy,2,178.27152086863532,52220.368745500724,True
430,Epsilon Greedy,2,179.21903116919083,52399.58777666991,True
431,Epsilon Greedy,6,146.03803728881343,52545.62581395872,False
432,Epsilon Greedy,2,181.92879242176642,52727.55460638049,True
433,Epsilon Greedy,4,0.5253954161565089,52728.08000179665,False
434,Epsilon Greedy,0,53.24009773411457,52781.32009953076,False
435,Epsilon Greedy,2,180.0710433525752,52961.39114288334,True
436,Epsilon Greedy,0,53.818802740837846,53015.20994562418,False
437,Epsilon Greedy,8,136.34291118484097,53151.552856809016,False
438,Epsilon Greedy,7,93.02633668708593,53244.5791934961,False
439,Epsilon Greedy,0,53.293669448782744,53297.87286294488,False
440,Epsilon Greedy,3,164.31630695926353,53462.189169904144,False
441,Epsilon Greedy,7,91.04188424125084,53553.23105414539,False
442,Epsilon Greedy,6,145.93667333430278,53699.1677274797,False
443,Epsilon Greedy,2,178.94961615851435,53878.11734363821,True
444,Epsilon Greedy,3,164.94419394965186,54043.06153758786,False
445,Epsilon Greedy,2,179.86035710850638,54222.92189469637,True
446,Epsilon Greedy,5,63.2782624840834,54286.20015718045,False
447,Epsilon Greedy,2,177.80328725106565,54464.00344443152,True
448,Epsilon Greedy,4,1.806726321504775,54465.81017075302,False
449,Epsilon Greedy,8,134.59401976570456,54600.404190518726,False
450,Epsilon Greedy,2,180.11308504174426,54780.51727556047,True
451,Epsilon Greedy,2,178.18954762043995,54958.70682318091,True
452,Epsilon Greedy,3,164.92661505676088,55123.63343823767,False
453,Epsilon Greedy,2,178.61205491730664,55302.24549315498,True
454,Epsilon Greedy,4,1.4537165840680843,55303.69920973905,False
455,Epsilon Greedy,2,179.47608602480517,55483.17529576385,True
456,Epsilon Greedy,0,54.90973686149832,55538.08503262535,False
457,Epsilon Greedy,4,-0.06882043316435715,55538.01621219218,False
458,Epsilon Greedy,9,102.04112645919706,55640.05733865138,False
459,Epsilon Greedy,8,133.66266978568098,55773.72000843706,False
460,Epsilon Greedy,2,180.77802661873076,55954.498035055796,True
461,Epsilon Greedy,7,94.55161651146486,56049.049651567264,False
462,Epsilon Greedy,6,147.37793853163208,56196.427590098894,False
463,Epsilon Greedy,9,103.18445325332404,56299.612043352216,False
464,Epsilon Greedy,2,180.30834111512178,56479.92038446734,True
465,Epsilon Greedy,2,180.23590492408152,56660.15628939142,True
466,Epsilon Greedy,2,181.16915414914638,56841.32544354057,True
467,Epsilon Greedy,1,13.216766843891268,56854.54221038446,False
468,Epsilon Greedy,4,2.773049140215103,56857.31525952468,False
469,Epsilon Greedy,8,135.7900548614525,56993.10531438613,False
470,Epsilon Greedy,8,135.4238944928817,57128.52920887901,False
471,Epsilon Greedy,8,133.62847840650667,57262.157687285515,False
472,Epsilon Greedy,2,177.3897341524714,57439.54742143799,True
473,Epsilon Greedy,0,53.05584145249445,57492.60326289048,False
474,Epsilon Greedy,2,179.0002844977602,57671.60354738824,True
475,Epsilon Greedy,0,54.92462755237203,57726.528174940606,False
476,Epsilon Greedy,5,65.44003390663359,57791.96820884724,False
477,Epsilon Greedy,5,62.499648566132066,57854.46785741337,False
478,Epsilon Greedy,9,100.86707181143404,57955.33492922481,False
479,Epsilon Greedy,2,180.6552207281335,58135.990149952944,True
480,Epsilon Greedy,2,178.89155037683193,58314.88170032977,True
481,Epsilon Greedy,8,134.2736516528209,58449.1553519826,False
482,Epsilon Greedy,1,11.421560124460546,58460.576912107055,False
483,Epsilon Greedy,2,179.94969512420676,58640.52660723126,True
484,Epsilon Greedy,2,179.099351375115,58819.625958606375,True
485,Epsilon Greedy,2,178.9425967198915,58998.56855532627,True
486,Epsilon Greedy,2,178.10047899965605,59176.669034325925,True
487,Epsilon Greedy,9,103.09389312890251,59279.76292745483,False
488,Epsilon Greedy,2,178.39946383100985,59458.16239128584,True
489,Epsilon Greedy,1,10.842424045783611,59469.004815331624,False
490,Epsilon Greedy,9,102.48781991164373,59571.49263524327,False
491,Epsilon Greedy,2,180.06613671405503,59751.55877195732,True
492,Epsilon Greedy,7,91.86379422404644,59843.42256618137,False
493,Epsilon Greedy,3,164.75753777674126,60008.18010395811,False
494,Epsilon Greedy,4,0.5825059876900425,60008.7626099458,False
495,Epsilon Greedy,2,177.52622333748684,60186.28883328329,True
496,Epsilon Greedy,2,179.79348858959005,60366.08232187288,True
497,Epsilon Greedy,9,101.71217793233127,60467.794499805204,False
498,Epsilon Greedy,2,180.2388275261017,60648.03332733131,True
499,Epsilon Greedy,4,-0.8035511144738399,60647.22977621683,False
500,Epsilon Greedy,0,54.26693447379819,60701.496710690626,False
501,Epsilon Greedy,2,179.76359384867325,60881.2603045393,True
502,Epsilon Greedy,3,163.12942788157008,61044.38973242087,False
503,Epsilon Greedy,9,103.5381659716413,61147.92789839251,False
504,Epsilon Greedy,5,63.58248883522671,61211.51038722774,False
505,Epsilon Greedy,4,0.17549658231336118,61211.68588381005,False
506,Epsilon Greedy,2,179.3006473696267,61390.98653117968,True
507,Epsilon Greedy,5,62.617835044800245,61453.604366224485,False
508,Epsilon Greedy,0,53.72214973118306,61507.32651595567,False
509,Epsilon Greedy,5,63.79017333825322,61571.11668929392,False
510,Epsilon Greedy,2,178.88434459094876,61750.00103388487,True
511,Epsilon Greedy,2,179.50545026904322,61929.50648415391,True
512,Epsilon Greedy,2,179.21198294123997,62108.718467095154,True
513,Epsilon Greedy,1,13.187052455999433,62121.905519551154,False
514,Epsilon Greedy,9,102.64467244241817,62224.55019199357,False
515,Epsilon Greedy,9,102.03172778337606,62326.581919776945,False
516,Epsilon Greedy,3,165.3558578318691,62491.937777608815,False
517,Epsilon Greedy,5,65.85368899867876,62557.791466607494,False
518,Epsilon Greedy,2,180.36356162943272,62738.15502823693,True
519,Epsilon Greedy,3,164.37584539258833,62902.53087362952,False
520,Epsilon Greedy,2,178.65862933119357,63081.18950296071,True
521,Epsilon Greedy,2,180.1234967607107,63261.31299972142,True
522,Epsilon Greedy,2,178.56090923257528,63439.873908953996,True
523,Epsilon Greedy,0,53.84115711754517,63493.71506607154,False
524,Epsilon Greedy,2,177.90098586638663,63671.61605193793,True
525,Epsilon Greedy,6,147.0228371664542,63818.63888910438,False
526,Epsilon Greedy,7,92.3071545497037,63910.94604365408,False
527,Epsilon Greedy,1,10.197089781868137,63921.14313343595,False
528,Epsilon Greedy,3,164.83863114518167,64085.981764581134,False
529,Epsilon Greedy,2,179.26038832286446,64265.242152904,True
530,Epsilon Greedy,0,52.72120173394002,64317.96335463794,False
531,Epsilon Greedy,3,166.56638811874356,64484.529742756684,False
532,Epsilon Greedy,2,178.51391415439053,64663.043656911075,True
533,Epsilon Greedy,5,64.1869119786471,64727.230568889725,False
534,Epsilon Greedy,2,179.67352178859502,64906.90409067832,True
535,Epsilon Greedy,6,146.94128038715974,65053.84537106548,False
536,Epsilon Greedy,1,10.672849677678686,65064.51822074316,False
537,Epsilon Greedy,6,146.43128802649446,65210.94950876965,False
538,Epsilon Greedy,0,54.53893755635232,65265.488446326,False
539,Epsilon Greedy,0,52.64422957012851,65318.13267589613,False
540,Epsilon Greedy,2,177.96033540594811,65496.09301130208,True
541,Epsilon Greedy,0,52.85078677055987,65548.94379807264,False
542,Epsilon Greedy,2,178.6154613168892,65727.55925938953,True
543,Epsilon Greedy,2,179.4742673825426,65907.03352677207,True
544,Epsilon Greedy,2,178.45994509840412,66085.49347187048,True
545,Epsilon Greedy,4,1.7687877606045561,66087.26225963108,False
546,Epsilon Greedy,2,178.33386012935975,66265.59611976045,True
547,Epsilon Greedy,2,180.397927087034,66445.99404684748,True
548,Epsilon Greedy,2,180.07004901921061,66626.06409586669,True
549,Epsilon Greedy,2,180.36323380347318,66806.42732967017,True
550,Epsilon Greedy,1,13.535817602786828,66819.96314727295,False
551,Epsilon Greedy,6,147.66842981186872,66967.63157708482,False
552,Epsilon Greedy,4,0.021511746276148935,66967.6530888311,False
553,Epsilon Greedy,2,179.55292837532664,67147.20601720642,True
554,Epsilon Greedy,8,134.63281871207369,67281.83883591849,False
555,Epsilon Greedy,1,11.518803337399072,67293.35763925589,False
556,Epsilon Greedy,7,92.04439831434684,67385.40203757024,False
557,Epsilon Greedy,2,180.60295348970268,67566.00499105995,True
558,Epsilon Greedy,2,180.41506364992205,67746.42005470987,True
559,Epsilon Greedy,2,178.30442610586366,67924.72448081574,True
560,Epsilon Greedy,2,179.97139966810607,68104.69588048385,True
561,Epsilon Greedy,0,52.93513126572481,68157.63101174957,False
562,Epsilon Greedy,2,179.8407288829734,68337.47174063255,True
563,Epsilon Greedy,8,133.77635565281201,68471.24809628536,False
564,Epsilon Greedy,7,93.20308611358978,68564.45118239895,False
565,Epsilon Greedy,4,1.6656416349804943,68566.11682403393,False
566,Epsilon Greedy,0,53.6771653600305,68619.79398939396,False
567,Epsilon Greedy,2,178.92070905127548,68798.71469844524,True
568,Epsilon Greedy,2,180.5631759118318,68979.27787435707,True
569,Epsilon Greedy,2,179.35526199321484,69158.63313635028,True
570,Epsilon Greedy,4,1.1737650257794399,69159.80690137607,False
571,Epsilon Greedy,7,89.71332577969339,69249.52022715576,False
572,Epsilon Greedy,0,55.51579059585815,69305.03601775163,False
573,Epsilon Greedy,2,179.72150040665358,69484.75751815828,True
574,Epsilon Greedy,1,11.018365721556348,69495.77588387983,False
575,Epsilon Greedy,7,92.94067345145494,69588.71655733128,False
576,Epsilon Greedy,6,146.4209410635097,69735.13749839479,False
577,Epsilon Greedy,2,179.6375339309036,69914.77503232569,True
578,Epsilon Greedy,4,1.8368076968561926,69916.61184002255,False
579,Epsilon Greedy,8,133.3120044673384,70049.9238444899,False
580,Epsilon Greedy,2,179.9271666384528,70229.85101112835,True
581,Epsilon Greedy,5,63.02533896880457,70292.87635009715,False
582,Epsilon Greedy,3,164.2258836386915,70457.10223373584,False
583,Epsilon Greedy,3,167.62174770332533,70624.72398143917,False
584,Epsilon Greedy,2,179.3529534760683,70804.07693491524,True
585,Epsilon Greedy,1,14.550514623833436,70818.62744953907,False
586,Epsilon Greedy,2,180.98550991896744,70999.61295945804,True
587,Epsilon Greedy,2,179.13498328067476,71178.74794273872,True
588,Epsilon Greedy,5,62.879462899431644,71241.62740563815,False
589,Epsilon Greedy,4,1.739553798360161,71243.3669594365,False
590,Epsilon Greedy,0,54.09911339497031,71297.46607283148,False
591,Epsilon Greedy,2,177.64885622641387,71475.11492905789,True
592,Epsilon Greedy,4,1.8009459387895568,71476.91587499667,False
593,Epsilon Greedy,7,92.34576409427208,71569.26163909094,False
594,Epsilon Greedy,2,177.84106775018256,71747.10270684112,True
595,Epsilon Greedy,1,11.26773688653709,71758.37044372766,False
596,Epsilon Greedy,8,134.09808689537553,71892.46853062304,False
597,Epsilon Greedy,9,102.77820070981693,71995.24673133285,False
598,Epsilon Greedy,1,11.864597689410662,72007.11132902226,False
599,Epsilon Greedy,2,178.39570796862427,72185.50703699088,True
600,Epsilon Greedy,1,10.861914751644806,72196.36895174252,False
601,Epsilon Greedy,2,199.54240364622223,72395.91135538874,False
602,Epsilon Greedy,2,197.09326565510676,72593.00462104384,False
603,Epsilon Greedy,2,197.91475094396256,72790.91937198781,False
604,Epsilon Greedy,7,476.8249199097091,73267.74429189751,False
605,Epsilon Greedy,8,578.9197797090793,73846.66407160659,False
606,Epsilon Greedy,2,200.27876478541418,74046.942836392,False
607,Epsilon Greedy,2,196.31851835888642,74243.26135475088,False
608,Epsilon Greedy,2,198.02743049441762,74441.2887852453,False
609,Epsilon Greedy,1,762.4399877435686,75203.72877298886,True
610,Epsilon Greedy,4,614.1225337469715,75817.85130673583,False
611,Epsilon Greedy,2,198.26167740254388,76016.11298413837,False
612,Epsilon Greedy,8,580.4051173074595,76596.51810144582,False
613,Epsilon Greedy,2,199.98344387546837,76796.50154532128,False
614,Epsilon Greedy,8,579.0872237268882,77375.58876904818,False
615,Epsilon Greedy,2,199.63388174960036,77575.22265079778,False
616,Epsilon Greedy,2,197.41634946780536,77772.63900026558,False
617,Epsilon Greedy,5,734.5637756973758,78507.20277596296,False
618,Epsilon Greedy,7,476.61463378957006,78983.81740975253,False
619,Epsilon Greedy,3,146.74395323000525,79130.56136298254,False
620,Epsilon Greedy,2,198.20322669505936,79328.7645896776,False
621,Epsilon Greedy,8,579.2847024906526,79908.04929216825,False
622,Epsilon Greedy,3,148.182360623329,80056.23165279157,False
623,Epsilon Greedy,3,147.85606218071385,80204.08771497228,False
624,Epsilon Greedy,9,332.08993864595357,80536.17765361823,False
625,Epsilon Greedy,2,197.83575301593197,80734.01340663416,False
626,Epsilon Greedy,3,144.76065303960505,80878.77405967376,False
627,Epsilon Greedy,4,616.1987075057679,81494.97276717953,False
628,Epsilon Greedy,2,199.3805654634968,81694.35333264302,False
629,Epsilon Greedy,2,200.07431781366313,81894.42765045668,False
630,Epsilon Greedy,5,736.4273566956981,82630.85500715238,False
631,Epsilon Greedy,5,735.9710209466033,83366.82602809898,False
632,Epsilon Greedy,6,364.7436309285918,83731.56965902758,False
633,Epsilon Greedy,4,615.4036466167212,84346.9733056443,False
634,Epsilon Greedy,2,200.0983515236825,84547.07165716798,False
635,Epsilon Greedy,2,197.53562422403036,84744.607281392,False
636,Epsilon Greedy,4,612.7653080945638,85357.37258948656,False
637,Epsilon Greedy,6,365.00169198997986,85722.37428147654,False
638,Epsilon Greedy,2,198.64145341322526,85921.01573488976,False
639,Epsilon Greedy,4,613.426856823243,86534.442591713,False
640,Epsilon Greedy,7,476.86737615419463,87011.3099678672,False
641,Epsilon Greedy,1,760.8413507526693,87772.15131861987,True
642,Epsilon Greedy,2,198.27662550893385,87970.42794412881,False
643,Epsilon Greedy,3,147.52367685136616,88117.95162098018,False
644,Epsilon Greedy,1,759.5292462572849,88877.48086723746,True
645,Epsilon Greedy,4,613.9858987121565,89491.46676594962,False
646,Epsilon Greedy,2,197.40846184108958,89688.8752277907,False
647,Epsilon Greedy,8,579.6214627153354,90268.49669050604,False
648,Epsilon Greedy,3,146.2668828147049,90414.76357332074,False
649,Epsilon Greedy,2,197.5454473224685,90612.30902064321,False
650,Epsilon Greedy,2,198.72518812449448,90811.0342087677,False
651,Epsilon Greedy,4,614.4546499115008,91425.4888586792,False
652,Epsilon Greedy,5,733.5775695966911,92159.06642827588,False
653,Epsilon Greedy,7,478.0758304429728,92637.14225871886,False
654,Epsilon Greedy,2,199.3170583809256,92836.45931709978,False
655,Epsilon Greedy,2,198.20367637519516,93034.66299347498,False
656,Epsilon Greedy,2,200.9312512243807,93235.59424469936,False
657,Epsilon Greedy,2,198.09180902982104,93433.68605372918,False
658,Epsilon Greedy,2,197.3452104939962,93631.03126422317,False
659,Epsilon Greedy,7,476.89503070175823,94107.92629492492,False
660,Epsilon Greedy,5,734.7621757098453,94842.68847063476,False
661,Epsilon Greedy,6,364.7079940939828,95207.39646472875,False
662,Epsilon Greedy,0,211.64481940167835,95419.04128413044,False
663,Epsilon Greedy,7,477.12305613145764,95896.1643402619,False
664,Epsilon Greedy,2,199.38107321682202,96095.54541347871,False
665,Epsilon Greedy,3,147.94325808011914,96243.48867155884,False
666,Epsilon Greedy,0,212.16598379245067,96455.65465535129,False
667,Epsilon Greedy,7,477.24986991896316,96932.90452527025,False
668,Epsilon Greedy,0,210.85287339917966,97143.75739866943,False
669,Epsilon Greedy,0,212.19112635895954,97355.94852502839,False
670,Epsilon Greedy,2,197.56063680515828,97553.50916183354,False
671,Epsilon Greedy,7,477.59602981387803,98031.10519164742,False
672,Epsilon Greedy,1,762.8635308383173,98793.96872248575,True
673,Epsilon Greedy,6,365.3408501547564,99159.3095726405,False
674,Epsilon Greedy,3,147.63566820775068,99306.94524084825,False
675,Epsilon Greedy,0,211.4242493405755,99518.36949018882,False
676,Epsilon Greedy,3,148.09941149010734,99666.46890167893,False
677,Epsilon Greedy,2,200.24866283372054,99866.71756451266,False
678,Epsilon Greedy,4,616.678125496394,100483.39569000906,False
679,Epsilon Greedy,6,365.1674047864998,100848.56309479555,False
680,Epsilon Greedy,3,146.86803059212497,100995.43112538768,False
681,Epsilon Greedy,2,198.2422805280994,101193.67340591578,False
682,Epsilon Greedy,2,197.6521410545734,101391.32554697034,False
683,Epsilon Greedy,1,761.9527188236065,102153.27826579395,True
684,Epsilon Greedy,7,476.6194683100593,102629.89773410402,False
685,Epsilon Greedy,9,329.8455313396235,102959.74326544364,False
686,Epsilon Greedy,9,332.14425676104776,103291.88752220469,False
687,Epsilon Greedy,0,209.718131875333,103501.60565408002,False
688,Epsilon Greedy,8,579.3828739374028,104080.98852801742,False
689,Epsilon Greedy,8,579.1767408360604,104660.16526885348,False
690,Epsilon Greedy,1,759.7097171343098,105419.87498598779,True
691,Epsilon Greedy,6,364.86162032069683,105784.73660630848,False
692,Epsilon Greedy,8,580.3235807836031,106365.06018709208,False
693,Epsilon Greedy,8,580.0679397102098,106945.12812680229,False
694,Epsilon Greedy,4,615.3024337973765,107560.43056059966,False
695,Epsilon Greedy,9,332.8546202490529,107893.28518084872,False
696,Epsilon Greedy,8,577.7782136128687,108471.06339446158,False
697,Epsilon Greedy,8,579.3886925636501,109050.45208702523,False
698,Epsilon Greedy,4,614.2179965385087,109664.67008356375,False
699,Epsilon Greedy,5,734.9421148309356,110399.61219839468,False
700,Epsilon Greedy,2,196.43706086798164,110596.04925926265,False
701,Epsilon Greedy,1,761.7516719563314,111357.80093121898,True
702,Epsilon Greedy,8,579.0432704800851,111936.84420169907,False
703,Epsilon Greedy,5,732.1417255041442,112668.98592720322,False
704,Epsilon Greedy,6,365.78954948956715,113034.77547669278,False
705,Epsilon Greedy,8,579.2950333020347,113614.07050999482,False
706,Epsilon Greedy,8,581.426871798955,114195.49738179379,False
707,Epsilon Greedy,2,197.33852490934262,114392.83590670313,False
708,Epsilon Greedy,5,735.0801899456595,115127.91609664878,False
709,Epsilon Greedy,1,760.7272632306197,115888.64335987941,True
710,Epsilon Greedy,9,332.65925903798467,116221.3026189174,False
711,Epsilon Greedy,5,734.9029067675438,116956.20552568494,False
712,Epsilon Greedy,8,579.7399144330565,117535.945440118,False
713,Epsilon Greedy,8,577.7439578755467,118113.68939799354,False
714,Epsilon Greedy,6,364.58935812054756,118478.27875611409,False
715,Epsilon Greedy,3,146.39108011516458,118624.66983622925,False
716,Epsilon Greedy,5,735.2740730542243,119359.94390928348,False
717,Epsilon Greedy,2,198.57172632501275,119558.51563560849,False
718,Epsilon Greedy,6,365.47011477886304,119923.98575038735,False
719,Epsilon Greedy,8,577.6689402007038,120501.65469058805,False
720,Epsilon Greedy,2,197.86751090010213,120699.52220148816,False
721,Epsilon Greedy,8,578.0478002723708,121277.57000176053,False
722,Epsilon Greedy,7,478.19285318763144,121755.76285494816,False
723,Epsilon Greedy,1,760.5514960579196,122516.31435100608,True
724,Epsilon Greedy,8,578.8178930831216,123095.1322440892,False
725,Epsilon Greedy,8,581.5579863913399,123676.69023048054,False
726,Epsilon Greedy,0,210.05765212435625,123886.74788260489,False
727,Epsilon Greedy,3,147.0574331095561,124033.80531571445,False
728,Epsilon Greedy,1,761.3208259827597,124795.12614169721,True
729,Epsilon Greedy,8,580.4765999666838,125375.6027416639,False
730,Epsilon Greedy,1,759.3570392029477,126134.95978086685,True
731,Epsilon Greedy,8,579.8808977464503,126714.8406786133,False
732,Epsilon Greedy,7,480.9180021039798,127195.75868071728,False
733,Epsilon Greedy,1,762.767998980503,127958.52667969778,True
734,Epsilon Greedy,8,579.9408651371144,128538.4675448349,False
735,Epsilon Greedy,8,579.4516993081518,129117.91924414305,False
736,Epsilon Greedy,8,580.6669665395103,129698.58621068257,False
737,Epsilon Greedy,7,476.99204363710845,130175.57825431967,False
738,Epsilon Greedy,7,475.7887134076696,130651.36696772734,False
739,Epsilon Greedy,8,580.346745668386,131231.71371339573,False
740,Epsilon Greedy,8,580.4719852671407,131812.18569866288,False
741,Epsilon Greedy,9,331.4591007633527,132143.64479942623,False
742,Epsilon Greedy,0,209.16786023306145,132352.81265965928,False
743,Epsilon Greedy,8,579.0882528240536,132931.90091248334,False
744,Epsilon Greedy,9,332.8210467023933,133264.72195918573,False
745,Epsilon Greedy,0,211.99829126037753,133476.72025044612,False
746,Epsilon Greedy,0,211.1510239585887,133687.8712744047,False
747,Epsilon Greedy,8,578.4021484355461,134266.27342284023,False
748,Epsilon Greedy,8,577.4457531525334,134843.71917599277,False
749,Epsilon Greedy,3,146.20397874445462,134989.92315473722,False
750,Epsilon Greedy,7,476.56172232399666,135466.48487706122,False
751,Epsilon Greedy,8,580.4857392461136,136046.97061630734,False
752,Epsilon Greedy,8,578.8460130256871,136625.81662933304,False
753,Epsilon Greedy,2,198.7740141475328,136824.59064348057,False
754,Epsilon Greedy,4,615.1441084379907,137439.73475191856,False
755,Epsilon Greedy,6,364.79012988776987,137804.52488180634,False
756,Epsilon Greedy,0,211.9776248955575,138016.5025067019,False
757,Epsilon Greedy,1,759.8684041681937,138776.3709108701,True
758,Epsilon Greedy,9,333.566088566983,139109.93699943708,False
759,Epsilon Greedy,3,145.41954603366196,139255.35654547074,False
760,Epsilon Greedy,7,476.32642297953356,139731.68296845027,False
761,Epsilon Greedy,8,579.6463682710034,140311.32933672128,False
762,Epsilon Greedy,2,196.59930757438792,140507.92864429567,False
763,Epsilon Greedy,8,579.9430468071467,141087.8716911028,False
764,Epsilon Greedy,0,211.73124651840286,141299.6029376212,False
765,Epsilon Greedy,8,578.1421514320527,141877.74508905326,False
766,Epsilon Greedy,1,761.8412129803429,142639.5863020336,True
767,Epsilon Greedy,8,580.2145146576955,143219.8008166913,False
768,Epsilon Greedy,8,578.5118287954806,143798.3126454868,False
769,Epsilon Greedy,9,331.2521106588495,144129.56475614564,False
770,Epsilon Greedy,9,332.1920065120188,144461.75676265766,False
771,Epsilon Greedy,8,578.8992040169463,145040.65596667462,False
772,Epsilon Greedy,2,198.258683683524,145238.91465035814,False
773,Epsilon Greedy,2,198.60492248743617,145437.51957284557,False
774,Epsilon Greedy,1,760.8767661418709,146198.39633898746,True
775,Epsilon Greedy,7,476.9677958583612,146675.36413484582,False
776,Epsilon Greedy,1,761.3433911698717,147436.7075260157,True
777,Epsilon Greedy,8,579.0294020319947,148015.7369280477,False
778,Epsilon Greedy,5,735.6031037291813,148751.34003177687,False
779,Epsilon Greedy,1,760.3034292552436,149511.6434610321,True
780,Epsilon Greedy,2,196.9242348361266,149708.56769586823,False
781,Epsilon Greedy,1,761.7868283420769,150470.3545242103,True
782,Epsilon Greedy,6,363.5727542702923,150833.92727848058,False
783,Epsilon Greedy,0,210.81841947533417,151044.74569795592,False
784,Epsilon Greedy,8,578.0394046768491,151622.78510263277,False
785,Epsilon Greedy,2,197.48097241225946,151820.26607504502,False
786,Epsilon Greedy,6,365.46138006257604,152185.72745510758,False
787,Epsilon Greedy,8,578.2050795436405,152763.93253465122,False
788,Epsilon Greedy,8,580.1076638903359,153344.04019854157,False
789,Epsilon Greedy,5,734.5332138185984,154078.57341236016,False
790,Epsilon Greedy,2,199.11356036336502,154277.68697272352,False
791,Epsilon Greedy,4,615.5377533808867,154893.2247261044,False
792,Epsilon Greedy,8,579.4375325988065,155472.6622587032,False
793,Epsilon Greedy,8,580.8019861112886,156053.4642448145,False
794,Epsilon Greedy,3,147.84863161202648,156201.31287642653,False
795,Epsilon Greedy,3,146.91838197946439,156348.23125840598,False
796,Epsilon Greedy,3,147.0018288218651,156495.23308722785,False
797,Epsilon Greedy,8,579.3093147650458,157074.5424019929,False
798,Epsilon Greedy,2,198.7620606908674,157273.30446268377,False
799,Epsilon Greedy,4,614.5980572216205,157887.9025199054,False
800,Epsilon Greedy,6,364.05352194610106,158251.9560418515,False
801,Epsilon Greedy,1,762.1059961330044,159014.0620379845,True
802,Epsilon Greedy,8,578.1637509409406,159592.22578892543,False
803,Epsilon Greedy,6,364.80765449421773,159957.03344341964,False
804,Epsilon Greedy,8,579.6320710689201,160536.66551448856,False
805,Epsilon Greedy,7,476.40934249105294,161013.0748569796,False
806,Epsilon Greedy,0,211.685745538812,161224.76060251842,False
807,Epsilon Greedy,5,735.9988635662799,161960.7594660847,False
808,Epsilon Greedy,8,579.8593780135974,162540.6188440983,False
809,Epsilon Greedy,6,365.47037645557265,162906.08922055387,False
810,Epsilon Greedy,8,580.0212124446782,163486.11043299854,False
811,Epsilon Greedy,8,580.0230826983411,164066.13351569689,False
812,Epsilon Greedy,0,211.35428275647007,164277.48779845337,False
813,Epsilon Greedy,8,579.731750817682,164857.21954927105,False
814,Epsilon Greedy,8,579.9643859078102,165437.18393517885,False
815,Epsilon Greedy,4,614.9939982728308,166052.1779334517,False
816,Epsilon Greedy,8,578.805062123341,166630.98299557503,False
817,Epsilon Greedy,3,145.81830611828693,166776.8013016933,False
818,Epsilon Greedy,8,579.0456795522323,167355.84698124553,False
819,Epsilon Greedy,9,331.92060162400634,167687.76758286954,False
820,Epsilon Greedy,9,333.39881149791614,168021.16639436746,False
821,Epsilon Greedy,3,146.72350834464427,168167.8899027121,False
822,Epsilon Greedy,8,578.9171757607756,168746.8070784729,False
823,Epsilon Greedy,8,579.3256674765171,169326.1327459494,False
824,Epsilon Greedy,8,579.8488060684102,169905.98155201782,False
825,Epsilon Greedy,8,579.6139844497735,170485.5955364676,False
826,Epsilon Greedy,2,197.85056438871192,170683.4461008563,False
827,Epsilon Greedy,5,735.6824531914333,171419.12855404773,False
828,Epsilon Greedy,2,197.0662152644827,171616.19476931222,False
829,Epsilon Greedy,6,365.3711153555024,171981.5658846677,False
830,Epsilon Greedy,8,580.0035952390842,172561.5694799068,False
831,Epsilon Greedy,8,580.0415508229376,173141.61103072972,False
832,Epsilon Greedy,8,578.8401324638744,173720.4511631936,False
833,Epsilon Greedy,0,211.12807654481833,173931.5792397384,False
834,Epsilon Greedy,8,580.1259025157204,174511.70514225413,False
835,Epsilon Greedy,7,477.21310759273115,174988.91824984684,False
836,Epsilon Greedy,8,580.4418272963385,175569.36007714318,False
837,Epsilon Greedy,9,332.43744174632246,175901.7975188895,False
838,Epsilon Greedy,7,478.58346518973957,176380.38098407924,False
839,Epsilon Greedy,9,332.0154977709569,176712.39648185018,False
840,Epsilon Greedy,4,614.6292204959423,177327.02570234612,False
841,Epsilon Greedy,6,364.35562063637224,177691.3813229825,False
842,Epsilon Greedy,8,578.8713879192908,178270.25271090178,False
843,Epsilon Greedy,8,581.0377643381314,178851.29047523992,False
844,Epsilon Greedy,8,577.8141825049453,179429.10465774487,False
845,Epsilon Greedy,2,198.03250460258792,179627.13716234747,False
846,Epsilon Greedy,8,580.6326711663535,180207.76983351383,False
847,Epsilon Greedy,6,366.59162551560553,180574.36145902943,False
848,Epsilon Greedy,6,366.213445490575,180940.57490452,False
849,Epsilon Greedy,5,735.6990968948793,181676.2740014149,False
850,Epsilon Greedy,8,579.3644617038896,182255.63846311878,False
851,Epsilon Greedy,8,580.5313768765635,182836.16983999536,False
852,Epsilon Greedy,0,210.19120512039132,183046.36104511574,False
853,Epsilon Greedy,0,211.85314041221082,183258.21418552796,False
854,Epsilon Greedy,8,578.2490007282889,183836.46318625624,False
855,Epsilon Greedy,3,146.67503163650048,183983.13821789273,False
856,Epsilon Greedy,1,761.6137891515189,184744.75200704424,True
857,Epsilon Greedy,8,578.9810565756009,185323.73306361985,False
858,Epsilon Greedy,9,331.32941197143,185655.0624755913,False
859,Epsilon Greedy,8,578.913166564846,186233.97564215615,False
860,Epsilon Greedy,8,580.1068250002036,186814.08246715635,False
861,Epsilon Greedy,8,577.9328256004919,187392.01529275684,False
862,Epsilon Greedy,6,366.30554169012936,187758.32083444696,False
863,Epsilon Greedy,1,761.1663814163836,188519.48721586334,True
864,Epsilon Greedy,8,578.6230338408675,189098.11024970422,False
865,Epsilon Greedy,7,477.5731959624824,189575.68344566668,False
866,Epsilon Greedy,8,580.9902881765009,190156.67373384317,False
867,Epsilon Greedy,7,478.2867039762453,190634.96043781942,False
868,Epsilon Greedy,5,734.7905610319144,191369.75099885135,False
869,Epsilon Greedy,8,578.2120698235617,191947.9630686749,False
870,Epsilon Greedy,7,477.78146507113235,192425.74453374604,False
871,Epsilon Greedy,8,581.7313447763164,193007.47587852235,False
872,Epsilon Greedy,5,734.3701813700358,193741.84605989238,False
873,Epsilon Greedy,6,365.29710603012455,194107.14316592252,False
874,Epsilon Greedy,8,578.7883145180349,194685.93148044054,False
875,Epsilon Greedy,2,197.04799699408616,194882.97947743462,False
876,Epsilon Greedy,8,580.3602101437615,195463.33968757838,False
877,Epsilon Greedy,8,579.848586724147,196043.18827430252,False
878,Epsilon Greedy,8,577.742596370881,196620.9308706734,False
879,Epsilon Greedy,8,580.1842745368424,197201.11514521023,False
880,Epsilon Greedy,8,578.4026958869346,197779.51784109717,False
881,Epsilon Greedy,4,613.7975705991747,198393.31541169636,False
882,Epsilon Greedy,8,575.7559539863742,198969.07136568273,False
883,Epsilon Greedy,7,478.5126581395594,199447.58402382227,False
884,Epsilon Greedy,8,579.4107693601621,200026.99479318244,False
885,Epsilon Greedy,5,734.8792042507224,200761.87399743317,False
886,Epsilon Greedy,8,579.5619386976454,201341.43593613082,False
887,Epsilon Greedy,8,577.0953518161158,201918.53128794694,False
888,Epsilon Greedy,8,579.5818952571468,202498.11318320408,False
889,Epsilon Greedy,6,365.54765270071925,202863.6608359048,False
890,Epsilon Greedy,8,580.4102628820563,203444.07109878687,False
891,Epsilon Greedy,4,614.5865862358877,204058.65768502274,False
892,Epsilon Greedy,6,365.2750185564658,204423.93270357922,False
893,Epsilon Greedy,1,762.1132706195048,205186.04597419873,True
894,Epsilon Greedy,3,146.99021064015676,205333.0361848389,False
895,Epsilon Greedy,8,579.3608279754493,205912.39701281433,False
896,Epsilon Greedy,1,760.5717424042425,206672.96875521858,True
897,Epsilon Greedy,8,581.8556668679332,207254.8244220865,False
898,Epsilon Greedy,2,197.4423620886057,207452.2667841751,False
899,Epsilon Greedy,2,195.98027159206896,207648.24705576716,False
900,Epsilon Greedy,3,144.9065866766588,207793.15364244382,False
901,Epsilon Greedy,4,615.2624805560712,208408.4161229999,False
902,Epsilon Greedy,9,329.2094850880021,208737.6256080879,False
903,Epsilon Greedy,6,365.93939764390274,209103.5650057318,False
904,Epsilon Greedy,4,614.8178527914006,209718.3828585232,False
905,Epsilon Greedy,4,614.3550004808775,210332.73785900406,False
906,Epsilon Greedy,3,146.4157726125771,210479.15363161665,False
907,Epsilon Greedy,0,209.13433980640028,210688.28797142304,False
908,Epsilon Greedy,3,146.02553336292024,210834.31350478597,False
909,Epsilon Greedy,2,197.6450174410924,211031.95852222707,False
910,Epsilon Greedy,8,577.6821608446596,211609.64068307172,False
911,Epsilon Greedy,8,578.4449288302831,212188.085611902,False
912,Epsilon Greedy,1,759.3991785515731,212947.48479045357,True
913,Epsilon Greedy,5,732.2914612556224,213679.7762517092,False
914,Epsilon Greedy,8,578.8121160710962,214258.5883677803,False
915,Epsilon Greedy,8,579.3107412837503,214837.89910906405,False
916,Epsilon Greedy,8,579.350317631143,215417.2494266952,False
917,Epsilon Greedy,8,578.8786761726105,215996.1281028678,False
918,Epsilon Greedy,8,579.1979756705775,216575.32607853838,False
919,Epsilon Greedy,4,616.0815905579085,217191.40766909628,False
920,Epsilon Greedy,3,147.64942617156578,217339.05709526784,False
921,Epsilon Greedy,3,146.91560353848845,217485.97269880632,False
922,Epsilon Greedy,9,332.35294041793765,217818.32563922426,False
923,Epsilon Greedy,4,614.769981233313,218433.09562045758,False
924,Epsilon Greedy,3,147.70459578925494,218580.80021624683,False
925,Epsilon Greedy,6,364.5053148838322,218945.30553113067,False
926,Epsilon Greedy,7,476.64178596385386,219421.9473170945,False
927,Epsilon Greedy,8,579.4475328779056,220001.39484997242,False
928,Epsilon Greedy,8,578.9846696368317,220580.37951960924,False
929,Epsilon Greedy,8,580.3619951518879,221160.74151476112,False
930,Epsilon Greedy,8,579.6863621638994,221740.427876925,False
931,Epsilon Greedy,3,149.2416448732634,221889.66952179826,False
932,Epsilon Greedy,8,580.580447561528,222470.24996935978,False
933,Epsilon Greedy,8,578.3391616474685,223048.58913100723,False
934,Epsilon Greedy,5,735.9332239891355,223784.52235499636,False
935,Epsilon Greedy,4,612.9101915042969,224397.43254650064,False
936,Epsilon Greedy,7,479.41971283510844,224876.85225933575,False
937,Epsilon Greedy,1,759.9460521431544,225636.7983114789,True
938,Epsilon Greedy,8,580.9266171038297,226217.72492858273,False
939,Epsilon Greedy,8,580.1702035896751,226797.89513217242,False
940,Epsilon Greedy,1,761.7452102830304,227559.64034245544,True
941,Epsilon Greedy,8,579.2369844338053,228138.87732688925,False
942,Epsilon Greedy,2,198.31978474373466,228337.197111633,False
943,Epsilon Greedy,1,761.5622336586454,229098.75934529165,True
944,Epsilon Greedy,6,365.30128451707077,229464.06062980872,False
945,Epsilon Greedy,8,578.258019793395,230042.31864960212,False
946,Epsilon Greedy,5,735.2766013436888,230777.5952509458,False
947,Epsilon Greedy,6,366.871354986339,231144.46660593213,False
948,Epsilon Greedy,9,332.1008955886675,231476.5675015208,False
949,Epsilon Greedy,9,332.13415811206943,231808.70165963288,False
950,Epsilon Greedy,8,579.7040376875456,232388.4056973204,False
951,Epsilon Greedy,5,735.6119925183875,233124.0176898388,False
952,Epsilon Greedy,7,478.1078874532391,233602.12557729203,False
953,Epsilon Greedy,4,613.9390393156756,234216.0646166077,False
954,Epsilon Greedy,0,210.79859048178776,234426.86320708948,False
955,Epsilon Greedy,8,580.3899702262581,235007.25317731575,False
956,Epsilon Greedy,2,198.38439871185,235205.6375760276,False
957,Epsilon Greedy,3,145.8119909092684,235351.44956693688,False
958,Epsilon Greedy,6,364.71098772505854,235716.16055466194,False
959,Epsilon Greedy,5,735.1433723729139,236451.30392703487,False
960,Epsilon Greedy,8,580.9987230881605,237032.30265012302,False
961,Epsilon Greedy,1,759.4871239090467,237791.78977403208,True
962,Epsilon Greedy,8,580.7953180010479,238372.5850920331,False
963,Epsilon Greedy,7,476.76560284846096,238849.35069488158,False
964,Epsilon Greedy,6,364.78893839718086,239214.13963327877,False
965,Epsilon Greedy,8,577.688844933755,239791.82847821253,False
966,Epsilon Greedy,2,197.83801309047544,239989.666491303,False
967,Epsilon Greedy,3,148.6505511796794,240138.3170424827,False
968,Epsilon Greedy,1,762.495191272808,240900.8122337555,True
969,Epsilon Greedy,9,330.63788238821195,241231.45011614374,False
970,Epsilon Greedy,8,580.0607372989122,241811.51085344265,False
971,Epsilon Greedy,8,579.7565545516904,242391.26740799434,False
972,Epsilon Greedy,8,580.0555615061644,242971.3229695005,False
973,Epsilon Greedy,2,198.02445505398543,243169.3474245545,False
974,Epsilon Greedy,7,477.7443182478758,243647.09174280238,False
975,Epsilon Greedy,5,735.6657045571274,244382.7574473595,False
976,Epsilon Greedy,4,615.2549893609751,244998.01243672048,False
977,Epsilon Greedy,8,580.8534758088015,245578.8659125293,False
978,Epsilon Greedy,3,146.95466223668322,245725.82057476597,False
979,Epsilon Greedy,7,479.48730243048,246205.30787719644,False
980,Epsilon Greedy,8,578.0539638458657,246783.3618410423,False
981,Epsilon Greedy,7,479.09211017864203,247262.45395122093,False
982,Epsilon Greedy,8,581.3414144760145,247843.79536569695,False
983,Epsilon Greedy,3,146.30008363529214,247990.09544933224,False
984,Epsilon Greedy,4,614.8484411004032,248604.94389043265,False
985,Epsilon Greedy,5,734.6739601332459,249339.6178505659,False
986,Epsilon Greedy,5,735.5863605271833,250075.20421109308,False
987,Epsilon Greedy,8,578.9435960400822,250654.14780713315,False
988,Epsilon Greedy,8,578.6594193519746,251232.80722648514,False
989,Epsilon Greedy,5,735.7133862924668,251968.5206127776,False
990,Epsilon Greedy,7,478.10594039972796,252446.6265531773,False
991,Epsilon Greedy,9,331.3106458850532,252777.93719906238,False
992,Epsilon Greedy,4,615.0965736814098,253393.03377274377,False
993,Epsilon Greedy,9,333.37357310076305,253726.40734584455,False
994,Epsilon Greedy,9,332.75986299424954,254059.1672088388,False
995,Epsilon Greedy,8,580.1033302222359,254639.27053906105,False
996,Epsilon Greedy,1,760.657485729319,255399.92802479037,True
997,Epsilon Greedy,0,210.17687590093914,255610.1049006913,False
998,Epsilon Greedy,3,145.06911010624526,255755.17401079755,False
999,Epsilon Greedy,2,198.14443941593052,255953.31845021347,False
1000,Epsilon Greedy,4,615.0787785117278,256568.3972287252,False
1001,Epsilon Greedy,9,332.10878407627104,256900.50601280146,False
1002,Epsilon Greedy,7,476.88315509847206,257377.38916789994,False
1003,Epsilon Greedy,0,209.59854191994435,257586.9877098199,False
1004,Epsilon Greedy,0,209.80075993001157,257796.7884697499,False
1005,Epsilon Greedy,7,477.9289712658783,258274.7174410158,False
1006,Epsilon Greedy,8,578.3509097914935,258853.06835080727,False
1007,Epsilon Greedy,1,761.2985254043206,259614.3668762116,True
1008,Epsilon Greedy,1,760.2673336269362,260374.63420983852,True
1009,Epsilon Greedy,5,736.2979472538658,261110.93215709238,False
1010,Epsilon Greedy,9,332.87425197649736,261443.80640906887,False
1011,Epsilon Greedy,5,734.6973741504565,262178.5037832193,False
1012,Epsilon Greedy,3,146.85612492538158,262325.3599081447,False
1013,Epsilon Greedy,6,365.17036433474726,262690.53027247946,False
1014,Epsilon Greedy,8,581.0230046121584,263271.55327709165,False
1015,Epsilon Greedy,8,579.764093684491,263851.31737077615,False
1016,Epsilon Greedy,2,196.7177372240461,264048.0351080002,False
1017,Epsilon Greedy,8,579.7252515563415,264627.76035955653,False
1018,Epsilon Greedy,5,733.5073476348971,265361.2677071914,False
1019,Epsilon Greedy,8,579.4971748529262,265940.76488204434,False
1020,Epsilon Greedy,8,579.4268743117336,266520.1917563561,False
1021,Epsilon Greedy,7,476.6841390938198,266996.8758954499,False
1022,Epsilon Greedy,8,580.2861025359584,267577.16199798585,False
1023,Epsilon Greedy,2,197.7691888180931,267774.93118680397,False
1024,Epsilon Greedy,8,578.2565367763729,268353.18772358034,False
1025,Epsilon Greedy,3,145.7147125144681,268498.9024360948,False
1026,Epsilon Greedy,5,736.3677109918394,269235.27014708665,False
1027,Epsilon Greedy,7,475.875744951879,269711.14589203853,False
1028,Epsilon Greedy,4,613.6733756049941,270324.8192676435,False
1029,Epsilon Greedy,2,198.37580910911765,270523.1950767526,False
1030,Epsilon Greedy,8,578.6823670864466,271101.8774438391,False
1031,Epsilon Greedy,8,581.5119017672147,271683.3893456063,False
1032,Epsilon Greedy,8,578.3584761669754,272261.7478217733,False
1033,Epsilon Greedy,4,615.0449350508229,272876.7927568241,False
1034,Epsilon Greedy,8,580.182039111499,273456.9747959356,False
1035,Epsilon Greedy,7,478.58441445283273,273935.55921038846,False
1036,Epsilon Greedy,8,580.0409838241395,274515.6001942126,False
1037,Epsilon Greedy,5,735.0739112026647,275250.67410541524,False
1038,Epsilon Greedy,7,478.04434089571413,275728.71844631096,False
1039,Epsilon Greedy,9,332.3287150113299,276061.04716132226,False
1040,Epsilon Greedy,8,578.003409382195,276639.05057070445,False
1041,Epsilon Greedy,0,212.15479794355855,276851.205368648,False
1042,Epsilon Greedy,1,760.5834928537364,277611.78886150173,True
1043,Epsilon Greedy,7,476.5968837633729,278088.3857452651,False
1044,Epsilon Greedy,8,579.951632501427,278668.33737776655,False
1045,Epsilon Greedy,7,477.7203569141508,279146.0577346807,False
1046,Epsilon Greedy,7,476.58054984230967,279622.63828452304,False
1047,Epsilon Greedy,1,762.0146317195822,280384.6529162426,True
1048,Epsilon Greedy,5,732.633520922013,281117.28643716464,False
1049,Epsilon Greedy,8,580.0047886251566,281697.2912257898,False
1050,Epsilon Greedy,9,332.7740841902212,282030.06530998,False
1051,Epsilon Greedy,3,146.41581678962544,282176.4811267696,False
1052,Epsilon Greedy,0,212.40403117253663,282388.88515794213,False
1053,Epsilon Greedy,8,578.339047508521,282967.2242054507,False
1054,Epsilon Greedy,3,145.85151444450366,283113.0757198952,False
1055,Epsilon Greedy,7,478.35499228552095,283591.43071218074,False
1056,Epsilon Greedy,6,365.60035561167734,283957.0310677924,False
1057,Epsilon Greedy,8,578.2349425190515,284535.26601031143,False
1058,Epsilon Greedy,1,762.1654470092026,285297.43145732064,True
1059,Epsilon Greedy,1,762.4844570458296,286059.9159143665,True
1060,Epsilon Greedy,2,198.59419709036575,286258.51011145685,False
1061,Epsilon Greedy,8,578.0683177713463,286836.5784292282,False
1062,Epsilon Greedy,2,198.99595023191225,287035.57437946013,False
1063,Epsilon Greedy,0,212.13376247346844,287247.7081419336,False
1064,Epsilon Greedy,8,578.9643559465507,287826.6724978802,False
1065,Epsilon Greedy,7,478.5927653623042,288305.2652632425,False
1066,Epsilon Greedy,8,578.8324769893491,288884.09774023184,False
1067,Epsilon Greedy,8,580.4492757347557,289464.5470159666,False
1068,Epsilon Greedy,9,331.31685439939497,289795.863870366,False
1069,Epsilon Greedy,5,735.492062124948,290531.35593249096,False
1070,Epsilon Greedy,5,734.6104821955255,291265.96641468647,False
1071,Epsilon Greedy,8,577.9590705108711,291843.92548519734,False
1072,Epsilon Greedy,6,366.44658343241076,292210.3720686298,False
1073,Epsilon Greedy,2,196.2868622120064,292406.6589308418,False
1074,Epsilon Greedy,8,579.1992956396125,292985.85822648136,False
1075,Epsilon Greedy,6,364.3153588458445,293350.1735853272,False
1076,Epsilon Greedy,8,579.5266094311858,293929.7001947584,False
1077,Epsilon Greedy,9,332.65798774531794,294262.3581825037,False
1078,Epsilon Greedy,8,582.0252548336414,294844.38343733735,False
1079,Epsilon Greedy,1,760.9733498008368,295605.3567871382,True
1080,Epsilon Greedy,8,580.8519974752716,296186.20878461347,False
1081,Epsilon Greedy,6,364.19333948517715,296550.4021240986,False
1082,Epsilon Greedy,4,614.375412974452,297164.77753707307,False
1083,Epsilon Greedy,8,578.3064492917273,297743.08398636477,False
1084,Epsilon Greedy,8,578.6573115761573,298321.74129794096,False
1085,Epsilon Greedy,8,579.8997522001786,298901.64105014113,False
1086,Epsilon Greedy,6,364.45241656745543,299266.0934667086,False
1087,Epsilon Greedy,8,579.6840481546624,299845.7775148633,False
1088,Epsilon Greedy,5,733.8846541558664,300579.66216901917,False
1089,Epsilon Greedy,9,332.17535280018666,300911.83752181934,False
1090,Epsilon Greedy,8,579.7424060665558,301491.5799278859,False
1091,Epsilon Greedy,4,613.8225095533375,302105.40243743925,False
1092,Epsilon Greedy,8,578.6421653983003,302684.04460283753,False
1093,Epsilon Greedy,3,146.2201161136751,302830.2647189512,False
1094,Epsilon Greedy,5,732.5203752358523,303562.7850941871,False
1095,Epsilon Greedy,5,735.7878662635503,304298.5729604506,False
1096,Epsilon Greedy,1,762.1114718762457,305060.6844323269,True
1097,Epsilon Greedy,3,148.23905054768616,305208.9234828746,False
1098,Epsilon Greedy,4,613.8190591701256,305822.7425420447,False
1099,Epsilon Greedy,7,476.6388265752944,306299.38136862003,False
1100,Epsilon Greedy,5,734.8568271328168,307034.23819575284,False
1101,Epsilon Greedy,4,614.2775824739853,307648.51577822684,False
1102,Epsilon Greedy,2,199.45987914975538,307847.9756573766,False
1103,Epsilon Greedy,8,581.1716680562726,308429.14732543286,False
1104,Epsilon Greedy,7,478.28701914421515,308907.4343445771,False
1105,Epsilon Greedy,8,578.1749068493026,309485.60925142636,False
1106,Epsilon Greedy,8,580.5093448168923,310066.11859624326,False
1107,Epsilon Greedy,4,615.3720244603844,310681.49062070367,False
1108,Epsilon Greedy,7,476.10664510146296,311157.5972658051,False
1109,Epsilon Greedy,4,612.7923016382643,311770.3895674434,False
1110,Epsilon Greedy,8,580.0203070159658,312350.4098744594,False
1111,Epsilon Greedy,5,735.3796322518606,313085.78950671124,False
1112,Epsilon Greedy,3,146.52276889075435,313232.312275602,False
1113,Epsilon Greedy,8,577.7882614939497,313810.100537096,False
1114,Epsilon Greedy,8,578.8147601853706,314388.91529728135,False
1115,Epsilon Greedy,1,760.8472518849651,315149.76254916633,True
1116,Epsilon Greedy,8,577.4826518811602,315727.2452010475,False
1117,Epsilon Greedy,7,477.4198541793726,316204.6650552269,False
1118,Epsilon Greedy,8,578.9035329560677,316783.56858818297,False
1119,Epsilon Greedy,4,615.7648470329441,317399.3334352159,False
1120,Epsilon Greedy,3,147.91488791651443,317547.24832313246,False
1121,Epsilon Greedy,2,199.23312280619868,317746.48144593864,False
1122,Epsilon Greedy,5,735.0112329688379,318481.49267890747,False
1123,Epsilon Greedy,7,477.7851811443983,318959.2778600519,False
1124,Epsilon Greedy,9,331.1179513520084,319290.3958114039,False
1125,Epsilon Greedy,3,145.41767565291897,319435.8134870568,False
1126,Epsilon Greedy,8,580.8628951673986,320016.6763822242,False
1127,Epsilon Greedy,8,579.0805652585572,320595.75694748276,False
1128,Epsilon Greedy,9,333.1555266303946,320928.91247411317,False
1129,Epsilon Greedy,4,614.1791592824089,321543.0916333956,False
1130,Epsilon Greedy,8,578.6955874089391,322121.78722080454,False
1131,Epsilon Greedy,8,579.933843324444,322701.721064129,False
1132,Epsilon Greedy,4,615.3718729455612,323317.09293707454,False
1133,Epsilon Greedy,8,579.8894624758503,323896.9823995504,False
1134,Epsilon Greedy,8,579.7249228359879,324476.7073223864,False
1135,Epsilon Greedy,6,364.58012020487524,324841.2874425913,False
1136,Epsilon Greedy,4,613.305914285897,325454.59335687716,False
1137,Epsilon Greedy,8,579.22267916958,326033.8160360467,False
1138,Epsilon Greedy,3,146.53839306130277,326180.35442910803,False
1139,Epsilon Greedy,2,199.44455809898608,326379.798987207,False
1140,Epsilon Greedy,8,579.1217475735276,326958.92073478055,False
1141,Epsilon Greedy,2,197.3786683274709,327156.299403108,False
1142,Epsilon Greedy,8,579.6845645183466,327735.98396762635,False
1143,Epsilon Greedy,8,581.3870022595856,328317.37096988596,False
1144,Epsilon Greedy,5,737.8484695680152,329055.21943945397,False
1145,Epsilon Greedy,8,579.4045796690365,329634.62401912303,False
1146,Epsilon Greedy,5,735.4373431050105,330370.06136222807,False
1147,Epsilon Greedy,0,210.37470387153635,330580.4360660996,False
1148,Epsilon Greedy,8,578.768044615191,331159.2041107148,False
1149,Epsilon Greedy,5,736.5450813441392,331895.7491920589,False
1150,Epsilon Greedy,9,329.6211666126385,332225.3703586716,False
1151,Epsilon Greedy,8,579.810745967697,332805.18110463925,False
1152,Epsilon Greedy,5,736.8057067205027,333541.98681135976,False
1153,Epsilon Greedy,3,146.30727022585833,333688.2940815856,False
1154,Epsilon Greedy,5,735.4623673772111,334423.7564489628,False
1155,Epsilon Greedy,8,577.2541226515845,335001.0105716144,False
1156,Epsilon Greedy,2,198.47502309397382,335199.48559470836,False
1157,Epsilon Greedy,8,580.8859856811961,335780.37158038956,False
1158,Epsilon Greedy,2,199.1990760182395,335979.5706564078,False
1159,Epsilon Greedy,5,734.0881201886998,336713.6587765965,False
1160,Epsilon Greedy,4,615.0814095376656,337328.7401861341,False
1161,Epsilon Greedy,8,578.3758614436305,337907.11604757776,False
1162,Epsilon Greedy,3,145.93512800870903,338053.0511755865,False
1163,Epsilon Greedy,8,581.2123318611721,338634.2635074477,False
1164,Epsilon Greedy,8,579.2696606244398,339213.5331680721,False
1165,Epsilon Greedy,3,146.702593032633,339360.23576110473,False
1166,Epsilon Greedy,7,477.85068470406634,339838.0864458088,False
1167,Epsilon Greedy,7,477.5395821070166,340315.62602791586,False
1168,Epsilon Greedy,2,198.72111859218893,340514.34714650805,False
1169,Epsilon Greedy,8,581.5119061132983,341095.85905262135,False
1170,Epsilon Greedy,8,578.3157366980613,341674.1747893194,False
1171,Epsilon Greedy,3,145.2217624732725,341819.3965517927,False
1172,Epsilon Greedy,1,761.1272693199978,342580.5238211127,True
1173,Epsilon Greedy,9,331.09145721238224,342911.6152783251,False
1174,Epsilon Greedy,7,476.1846104595625,343387.79988878465,False
1175,Epsilon Greedy,8,579.5491079873063,343967.34899677197,False
1176,Epsilon Greedy,1,761.6693635326071,344729.0183603046,True
1177,Epsilon Greedy,8,578.1155768854069,345307.13393719,False
1178,Epsilon Greedy,5,735.5360966910803,346042.6700338811,False
1179,Epsilon Greedy,4,614.366325965249,346657.03635984636,False
1180,Epsilon Greedy,6,366.1766273374666,347023.2129871838,False
1181,Epsilon Greedy,1,761.5301794049582,347784.74316658877,True
1182,Epsilon Greedy,6,365.04457402622296,348149.787740615,False
1183,Epsilon Greedy,8,580.0594269973716,348729.8471676124,False
1184,Epsilon Greedy,4,613.7260687375555,349343.57323634997,False
1185,Epsilon Greedy,3,147.20626152552387,349490.7794978755,False
1186,Epsilon Greedy,8,581.2050802997419,350071.98457817524,False
1187,Epsilon Greedy,8,578.180639840934,350650.1652180162,False
1188,Epsilon Greedy,9,330.7812571676851,350980.9464751839,False
1189,Epsilon Greedy,9,331.15790474698684,351312.1043799309,False
1190,Epsilon Greedy,7,477.6466133239638,351789.7509932548,False
1191,Epsilon Greedy,2,198.4984947430964,351988.2494879979,False
1192,Epsilon Greedy,3,144.78818216129616,352133.0376701592,False
1193,Epsilon Greedy,5,734.0406343479061,352867.0783045071,False
1194,Epsilon Greedy,3,147.58836005605124,353014.6666645631,False
1195,Epsilon Greedy,2,199.52650392107705,353214.1931684842,False
1196,Epsilon Greedy,8,580.010541320272,353794.20370980445,False
1197,Epsilon Greedy,8,580.3185269833554,354374.52223678783,False
1198,Epsilon Greedy,8,579.3707145069882,354953.89295129484,False
1199,Epsilon Greedy,7,475.9955240863787,355429.88847538125,False
1200,Epsilon Greedy,4,613.8619543065124,356043.75042968773,False
